{"cameraMode":{"drawMode":0,"name":"Shaded","section":"Shading Mode"},"sceneLighting":true,"audioPlay":false,"sceneViewState":{"m_AlwaysRefresh":false,"showFog":true,"showSkybox":true,"showFlares":true,"showImageEffects":true,"showParticleSystems":true,"showVisualEffectGraphs":true,"m_FxEnabled":true},"in2DMode":false,"pivot":{"x":3.310187339782715,"y":3.316417932510376,"z":1.4011921882629395},"rotation":{"x":0.37739625573158266,"y":-0.2428058683872223,"z":0.10322961956262589,"w":0.8876720666885376},"size":1.6509424448013306,"orthographic":false}