{"cameraMode":{"drawMode":0,"name":"Shaded","section":"Shading Mode"},"sceneLighting":false,"audioPlay":false,"sceneViewState":{"m_AlwaysRefresh":false,"showFog":false,"showSkybox":false,"showFlares":false,"showImageEffects":false,"showParticleSystems":false,"showVisualEffectGraphs":true,"m_FxEnabled":true},"in2DMode":false,"pivot":{"x":0.0012288987636566163,"y":0.8111189603805542,"z":0.10606567561626435},"rotation":{"x":0.3502057194709778,"y":-0.022477107122540475,"z":0.008406538516283036,"w":0.9363662004470825},"size":1.0821682214736939,"orthographic":false}