{"cameraMode":{"drawMode":0,"name":"Shaded","section":"Shading Mode"},"sceneLighting":false,"audioPlay":false,"sceneViewState":{"m_AlwaysRefresh":false,"showFog":true,"showSkybox":false,"showFlares":true,"showImageEffects":true,"showParticleSystems":true,"showVisualEffectGraphs":true,"m_FxEnabled":true},"in2DMode":false,"pivot":{"x":15.795000076293946,"y":0.42500001192092898,"z":14.65999984741211},"rotation":{"x":0.3678067624568939,"y":-0.05713602900505066,"z":0.022648576647043229,"w":0.9278694987297058},"size":0.048120513558387759,"orthographic":false}