{"cameraMode":{"drawMode":0,"name":"Shaded","section":"Shading Mode"},"sceneLighting":false,"audioPlay":false,"sceneViewState":{"m_AlwaysRefresh":false,"showFog":false,"showSkybox":false,"showFlares":false,"showImageEffects":false,"showParticleSystems":false,"showVisualEffectGraphs":true,"m_FxEnabled":true},"in2DMode":false,"pivot":{"x":-0.017578989267349244,"y":0.8375703692436218,"z":0.05089547485113144},"rotation":{"x":0.01010625809431076,"y":0.6629223823547363,"z":0.008949997834861279,"w":-0.748566210269928},"size":0.933133602142334,"orthographic":false}